{
  "$schema": "http://json-schema.org/draft-07/schema#",
  "title": "User",
  "description": "Schema representing a user",
  "type": "object",
  "additionalProperties": false,
  "properties": {
    "name": {
      "type": "string",
      "description": "Name of person."
    },
    "email": {
      "type": "string",
      "description": "email of person."
    },
    "userId": {
      "type": "string",
      "description": "user id in the system"
    }
  },
  "required": ["name", "userId", "email"]
}